symbol,currency,exchange_timezone,exchange,mic_code,type,datetime,open_value,high_value,low_value,close_value,volume,datetime_load
AAPL,USD,America/New_York,NASDAQ,XNGS,Common Stock,2024-04-05,169.59,170.39,168.95,169.58,42055200,2024-04-06 10:29:30
AAPL,USD,America/New_York,NASDAQ,XNGS,Common Stock,2024-04-04,170.29,171.92,168.82,168.82,53704400,2024-04-06 10:29:30
AAPL,USD,America/New_York,NASDAQ,XNGS,Common Stock,2024-04-03,168.79,170.68,168.58,169.65,47602100,2024-04-06 10:29:30
AAPL,USD,America/New_York,NASDAQ,XNGS,Common Stock,2024-04-02,169.08,169.34,168.23,168.84,49329500,2024-04-06 10:29:30
AAPL,USD,America/New_York,NASDAQ,XNGS,Common Stock,2024-04-01,171.19,171.25,169.48,170.03,46240500,2024-04-06 10:29:30
AAPL,USD,America/New_York,NASDAQ,XNGS,Common Stock,2024-03-28,171.75,172.23,170.51,171.48,65672700,2024-04-06 10:29:30
AAPL,USD,America/New_York,NASDAQ,XNGS,Common Stock,2024-03-27,170.41,173.6,170.11,173.31,60273300,2024-04-06 10:29:30
AAPL,USD,America/New_York,NASDAQ,XNGS,Common Stock,2024-03-26,170.0,171.42,169.58,169.71,57388400,2024-04-06 10:29:30
AAPL,USD,America/New_York,NASDAQ,XNGS,Common Stock,2024-03-25,170.57,171.94,169.45,170.85,54288300,2024-04-06 10:29:30
AAPL,USD,America/New_York,NASDAQ,XNGS,Common Stock,2024-03-22,171.76,173.05,170.06,172.28,71106600,2024-04-06 10:29:30
AAPL,USD,America/New_York,NASDAQ,XNGS,Common Stock,2024-03-21,177.05,177.49,170.84,171.37,106181300,2024-04-06 10:29:30
AAPL,USD,America/New_York,NASDAQ,XNGS,Common Stock,2024-03-20,175.72,178.67,175.09,178.67,53423100,2024-04-06 10:29:30
AAPL,USD,America/New_York,NASDAQ,XNGS,Common Stock,2024-03-19,174.34,176.61,173.03,176.08,55215200,2024-04-06 10:29:30
AAPL,USD,America/New_York,NASDAQ,XNGS,Common Stock,2024-03-18,175.57,177.71,173.52,173.72,75604200,2024-04-06 10:29:30
AAPL,USD,America/New_York,NASDAQ,XNGS,Common Stock,2024-03-15,171.17,172.62,170.29,172.62,121664700,2024-04-06 10:29:30
AAPL,USD,America/New_York,NASDAQ,XNGS,Common Stock,2024-03-14,172.91,174.31,172.05,173.0,72913500,2024-04-06 10:29:30
AAPL,USD,America/New_York,NASDAQ,XNGS,Common Stock,2024-03-13,172.77,173.19,170.76,171.13,52488700,2024-04-06 10:29:30
AAPL,USD,America/New_York,NASDAQ,XNGS,Common Stock,2024-03-12,173.15,174.03,171.01,173.23,59825400,2024-04-06 10:29:30
AAPL,USD,America/New_York,NASDAQ,XNGS,Common Stock,2024-03-11,172.94,174.38,172.05,172.75,60139500,2024-04-06 10:29:30
AAPL,USD,America/New_York,NASDAQ,XNGS,Common Stock,2024-03-08,169.0,173.7,168.94,170.73,76114600,2024-04-06 10:29:30
AAPL,USD,America/New_York,NASDAQ,XNGS,Common Stock,2024-03-07,169.15,170.73,168.49,169.0,71765100,2024-04-06 10:29:30
AAPL,USD,America/New_York,NASDAQ,XNGS,Common Stock,2024-03-06,171.06,171.24,168.68,169.12,68587700,2024-04-06 10:29:30
AAPL,USD,America/New_York,NASDAQ,XNGS,Common Stock,2024-03-05,170.76,172.04,169.62,170.12,95132400,2024-04-06 10:29:30
AAPL,USD,America/New_York,NASDAQ,XNGS,Common Stock,2024-03-04,176.15,176.9,173.79,175.1,81510100,2024-04-06 10:29:30
AAPL,USD,America/New_York,NASDAQ,XNGS,Common Stock,2024-03-01,179.55,180.53,177.38,179.66,73488000,2024-04-06 10:29:30
AAPL,USD,America/New_York,NASDAQ,XNGS,Common Stock,2024-02-29,181.27,182.57,179.53,180.75,136682600,2024-04-06 10:29:30
AAPL,USD,America/New_York,NASDAQ,XNGS,Common Stock,2024-02-28,182.51,183.12,180.13,181.42,48953900,2024-04-06 10:29:30
AAPL,USD,America/New_York,NASDAQ,XNGS,Common Stock,2024-02-27,181.1,183.92,179.56,182.63,54318900,2024-04-06 10:29:30
AAPL,USD,America/New_York,NASDAQ,XNGS,Common Stock,2024-02-26,182.24,182.76,180.65,181.16,40867400,2024-04-06 10:29:30
AAPL,USD,America/New_York,NASDAQ,XNGS,Common Stock,2024-02-23,185.01,185.04,182.23,182.52,45119700,2024-04-06 10:29:30
AAPL,USD,America/New_York,NASDAQ,XNGS,Common Stock,2024-02-22,183.48,184.96,182.46,184.37,52292200,2024-04-06 10:29:30
AAPL,USD,America/New_York,NASDAQ,XNGS,Common Stock,2024-02-21,181.94,182.89,180.66,182.32,41529700,2024-04-06 10:29:30
AAPL,USD,America/New_York,NASDAQ,XNGS,Common Stock,2024-02-20,181.79,182.43,180.0,181.56,53665600,2024-04-06 10:29:30
AAPL,USD,America/New_York,NASDAQ,XNGS,Common Stock,2024-02-16,183.42,184.85,181.67,182.31,49701400,2024-04-06 10:29:30
AAPL,USD,America/New_York,NASDAQ,XNGS,Common Stock,2024-02-15,183.55,184.49,181.35,183.86,65434500,2024-04-06 10:29:30
AAPL,USD,America/New_York,NASDAQ,XNGS,Common Stock,2024-02-14,185.32,185.53,182.44,184.15,54630500,2024-04-06 10:29:30
AAPL,USD,America/New_York,NASDAQ,XNGS,Common Stock,2024-02-13,185.77,186.21,183.51,185.04,56529500,2024-04-06 10:29:30
AAPL,USD,America/New_York,NASDAQ,XNGS,Common Stock,2024-02-12,188.42,188.67,186.79,187.15,41781900,2024-04-06 10:29:30
AAPL,USD,America/New_York,NASDAQ,XNGS,Common Stock,2024-02-09,188.65,189.99,188.0,188.85,45155200,2024-04-06 10:29:30
AAPL,USD,America/New_York,NASDAQ,XNGS,Common Stock,2024-02-08,189.39,189.54,187.35,188.32,40962000,2024-04-06 10:29:30
AAPL,USD,America/New_York,NASDAQ,XNGS,Common Stock,2024-02-07,190.64,191.05,188.61,189.41,53439000,2024-04-06 10:29:30
AAPL,USD,America/New_York,NASDAQ,XNGS,Common Stock,2024-02-06,186.86,189.31,186.77,189.3,43490800,2024-04-06 10:29:30
AAPL,USD,America/New_York,NASDAQ,XNGS,Common Stock,2024-02-05,188.15,189.25,185.84,187.68,69668800,2024-04-06 10:29:30
AAPL,USD,America/New_York,NASDAQ,XNGS,Common Stock,2024-02-02,179.86,187.33,179.25,185.85,102518000,2024-04-06 10:29:30
AAPL,USD,America/New_York,NASDAQ,XNGS,Common Stock,2024-02-01,183.99,186.95,183.82,186.86,64885400,2024-04-06 10:29:30
AAPL,USD,America/New_York,NASDAQ,XNGS,Common Stock,2024-01-31,187.04,187.1,184.35,184.4,55467800,2024-04-06 10:29:30
AAPL,USD,America/New_York,NASDAQ,XNGS,Common Stock,2024-01-30,190.94,191.8,187.47,188.04,55859400,2024-04-06 10:29:30
AAPL,USD,America/New_York,NASDAQ,XNGS,Common Stock,2024-01-29,192.01,192.2,189.58,191.73,47145600,2024-04-06 10:29:30
AAPL,USD,America/New_York,NASDAQ,XNGS,Common Stock,2024-01-26,194.27,194.76,191.94,192.42,44594000,2024-04-06 10:29:30
AAPL,USD,America/New_York,NASDAQ,XNGS,Common Stock,2024-01-25,195.22,196.27,193.11,194.17,54822100,2024-04-06 10:29:30
AAPL,USD,America/New_York,NASDAQ,XNGS,Common Stock,2024-01-24,195.42,196.38,194.34,194.5,53631300,2024-04-06 10:29:30
AAPL,USD,America/New_York,NASDAQ,XNGS,Common Stock,2024-01-23,195.02,195.75,193.83,195.18,42355600,2024-04-06 10:29:30
AAPL,USD,America/New_York,NASDAQ,XNGS,Common Stock,2024-01-22,192.3,195.33,192.26,193.89,60133900,2024-04-06 10:29:30
AAPL,USD,America/New_York,NASDAQ,XNGS,Common Stock,2024-01-19,189.33,191.95,188.82,191.56,68741000,2024-04-06 10:29:30
AAPL,USD,America/New_York,NASDAQ,XNGS,Common Stock,2024-01-18,186.09,189.14,185.83,188.63,78005800,2024-04-06 10:29:30
AAPL,USD,America/New_York,NASDAQ,XNGS,Common Stock,2024-01-17,181.27,182.93,180.3,182.68,47317400,2024-04-06 10:29:30
AAPL,USD,America/New_York,NASDAQ,XNGS,Common Stock,2024-01-16,182.16,184.26,180.93,183.63,65603000,2024-04-06 10:29:30
AAPL,USD,America/New_York,NASDAQ,XNGS,Common Stock,2024-01-12,186.06,186.74,185.19,185.92,40444700,2024-04-06 10:29:30
AAPL,USD,America/New_York,NASDAQ,XNGS,Common Stock,2024-01-11,186.54,187.05,183.62,185.59,49128400,2024-04-06 10:29:30
AAPL,USD,America/New_York,NASDAQ,XNGS,Common Stock,2024-01-10,184.35,186.4,183.92,186.19,46792900,2024-04-06 10:29:30
AAPL,USD,America/New_York,NASDAQ,XNGS,Common Stock,2024-01-09,183.92,185.15,182.73,185.14,42841800,2024-04-06 10:29:30
AAPL,USD,America/New_York,NASDAQ,XNGS,Common Stock,2024-01-08,182.09,185.6,181.5,185.56,59144500,2024-04-06 10:29:30
AAPL,USD,America/New_York,NASDAQ,XNGS,Common Stock,2024-01-05,181.99,182.76,180.17,181.18,62303300,2024-04-06 10:29:30
AAPL,USD,America/New_York,NASDAQ,XNGS,Common Stock,2024-01-04,182.15,183.09,180.88,181.91,71983600,2024-04-06 10:29:30
AAPL,USD,America/New_York,NASDAQ,XNGS,Common Stock,2024-01-03,184.22,185.88,183.43,184.25,58414500,2024-04-06 10:29:30
AAPL,USD,America/New_York,NASDAQ,XNGS,Common Stock,2024-01-02,187.15,188.44,183.89,185.64,82488700,2024-04-06 10:29:30
AMZN,USD,America/New_York,NASDAQ,XNGS,Common Stock,2024-04-05,182.38,186.27,181.97,185.07,42335200,2024-04-06 10:29:30
AMZN,USD,America/New_York,NASDAQ,XNGS,Common Stock,2024-04-04,184.0,185.1,180.0,180.0,41624300,2024-04-06 10:29:30
AMZN,USD,America/New_York,NASDAQ,XNGS,Common Stock,2024-04-03,179.9,182.87,179.8,182.41,30959800,2024-04-06 10:29:30
AMZN,USD,America/New_York,NASDAQ,XNGS,Common Stock,2024-04-02,179.07,180.79,178.38,180.69,32611500,2024-04-06 10:29:30
AMZN,USD,America/New_York,NASDAQ,XNGS,Common Stock,2024-04-01,180.79,183.0,179.95,180.97,29174500,2024-04-06 10:29:30
AMZN,USD,America/New_York,NASDAQ,XNGS,Common Stock,2024-03-28,180.17,181.7,179.26,180.38,38051600,2024-04-06 10:29:30
AMZN,USD,America/New_York,NASDAQ,XNGS,Common Stock,2024-03-27,179.88,180.0,177.31,179.83,33272600,2024-04-06 10:29:30
AMZN,USD,America/New_York,NASDAQ,XNGS,Common Stock,2024-03-26,180.15,180.45,177.95,178.3,29659000,2024-04-06 10:29:30
AMZN,USD,America/New_York,NASDAQ,XNGS,Common Stock,2024-03-25,178.01,180.99,177.24,179.71,29815500,2024-04-06 10:29:30
AMZN,USD,America/New_York,NASDAQ,XNGS,Common Stock,2024-03-22,177.75,179.26,176.75,178.87,27964100,2024-04-06 10:29:30
AMZN,USD,America/New_York,NASDAQ,XNGS,Common Stock,2024-03-21,179.99,181.42,178.15,178.15,32824300,2024-04-06 10:29:30
AMZN,USD,America/New_York,NASDAQ,XNGS,Common Stock,2024-03-20,176.14,178.53,174.64,178.15,29947200,2024-04-06 10:29:30
AMZN,USD,America/New_York,NASDAQ,XNGS,Common Stock,2024-03-19,174.22,176.09,173.52,175.9,26880900,2024-04-06 10:29:30
AMZN,USD,America/New_York,NASDAQ,XNGS,Common Stock,2024-03-18,175.8,176.69,174.28,174.48,31250700,2024-04-06 10:29:30
AMZN,USD,America/New_York,NASDAQ,XNGS,Common Stock,2024-03-15,176.64,177.93,173.9,174.42,72115500,2024-04-06 10:29:30
AMZN,USD,America/New_York,NASDAQ,XNGS,Common Stock,2024-03-14,177.69,179.53,176.47,178.75,43705800,2024-04-06 10:29:30
AMZN,USD,America/New_York,NASDAQ,XNGS,Common Stock,2024-03-13,175.9,177.62,175.55,176.56,30772600,2024-04-06 10:29:30
AMZN,USD,America/New_York,NASDAQ,XNGS,Common Stock,2024-03-12,173.5,176.76,171.98,175.39,36610600,2024-04-06 10:29:30
AMZN,USD,America/New_York,NASDAQ,XNGS,Common Stock,2024-03-11,174.31,174.47,171.47,171.96,28484800,2024-04-06 10:29:30
AMZN,USD,America/New_York,NASDAQ,XNGS,Common Stock,2024-03-08,176.44,178.79,174.33,175.35,37853500,2024-04-06 10:29:30
AMZN,USD,America/New_York,NASDAQ,XNGS,Common Stock,2024-03-07,174.83,177.99,173.72,176.82,34063300,2024-04-06 10:29:30
AMZN,USD,America/New_York,NASDAQ,XNGS,Common Stock,2024-03-06,175.54,176.46,173.26,173.51,32090900,2024-04-06 10:29:30
AMZN,USD,America/New_York,NASDAQ,XNGS,Common Stock,2024-03-05,176.93,176.93,173.3,174.12,37228300,2024-04-06 10:29:30
AMZN,USD,America/New_York,NASDAQ,XNGS,Common Stock,2024-03-04,177.53,180.14,177.49,177.58,37381500,2024-04-06 10:29:30
AMZN,USD,America/New_York,NASDAQ,XNGS,Common Stock,2024-03-01,176.75,178.73,176.07,178.22,31956200,2024-04-06 10:29:30
AMZN,USD,America/New_York,NASDAQ,XNGS,Common Stock,2024-02-29,173.01,177.22,172.85,176.76,53805400,2024-04-06 10:29:30
AMZN,USD,America/New_York,NASDAQ,XNGS,Common Stock,2024-02-28,172.44,174.05,172.27,173.16,28180500,2024-04-06 10:29:30
AMZN,USD,America/New_York,NASDAQ,XNGS,Common Stock,2024-02-27,174.08,174.62,172.86,173.54,31141700,2024-04-06 10:29:30
AMZN,USD,America/New_York,NASDAQ,XNGS,Common Stock,2024-02-26,175.7,176.37,174.26,174.73,44368600,2024-04-06 10:29:30
AMZN,USD,America/New_York,NASDAQ,XNGS,Common Stock,2024-02-23,174.28,175.75,173.7,174.99,59715200,2024-04-06 10:29:30
AMZN,USD,America/New_York,NASDAQ,XNGS,Common Stock,2024-02-22,173.1,174.8,171.77,174.58,55392400,2024-04-06 10:29:30
AMZN,USD,America/New_York,NASDAQ,XNGS,Common Stock,2024-02-21,168.94,170.23,167.14,168.59,44575600,2024-04-06 10:29:30
AMZN,USD,America/New_York,NASDAQ,XNGS,Common Stock,2024-02-20,167.83,168.71,165.74,167.08,41980300,2024-04-06 10:29:30
AMZN,USD,America/New_York,NASDAQ,XNGS,Common Stock,2024-02-16,168.74,170.42,167.17,169.51,48074600,2024-04-06 10:29:30
AMZN,USD,America/New_York,NASDAQ,XNGS,Common Stock,2024-02-15,170.58,171.17,167.59,169.8,49855200,2024-04-06 10:29:30
AMZN,USD,America/New_York,NASDAQ,XNGS,Common Stock,2024-02-14,169.21,171.21,168.28,170.98,42815500,2024-04-06 10:29:30
AMZN,USD,America/New_York,NASDAQ,XNGS,Common Stock,2024-02-13,167.73,170.95,165.75,168.64,56345100,2024-04-06 10:29:30
AMZN,USD,America/New_York,NASDAQ,XNGS,Common Stock,2024-02-12,174.8,175.39,171.54,172.34,51050400,2024-04-06 10:29:30
AMZN,USD,America/New_York,NASDAQ,XNGS,Common Stock,2024-02-09,170.9,175.0,170.58,174.45,56986000,2024-04-06 10:29:30
AMZN,USD,America/New_York,NASDAQ,XNGS,Common Stock,2024-02-08,169.65,171.43,168.88,169.84,42316500,2024-04-06 10:29:30
AMZN,USD,America/New_York,NASDAQ,XNGS,Common Stock,2024-02-07,169.48,170.88,168.94,170.53,47174100,2024-04-06 10:29:30
AMZN,USD,America/New_York,NASDAQ,XNGS,Common Stock,2024-02-06,169.39,170.71,167.65,169.15,42505500,2024-04-06 10:29:30
AMZN,USD,America/New_York,NASDAQ,XNGS,Common Stock,2024-02-05,170.2,170.55,167.7,170.31,55081300,2024-04-06 10:29:30
AMZN,USD,America/New_York,NASDAQ,XNGS,Common Stock,2024-02-02,169.19,172.5,167.33,171.81,117154900,2024-04-06 10:29:30
AMZN,USD,America/New_York,NASDAQ,XNGS,Common Stock,2024-02-01,155.87,159.76,155.62,159.28,76542400,2024-04-06 10:29:30
AMZN,USD,America/New_York,NASDAQ,XNGS,Common Stock,2024-01-31,157.0,159.01,154.81,155.2,50284400,2024-04-06 10:29:30
AMZN,USD,America/New_York,NASDAQ,XNGS,Common Stock,2024-01-30,160.7,161.73,158.49,159.0,45207400,2024-04-06 10:29:30
AMZN,USD,America/New_York,NASDAQ,XNGS,Common Stock,2024-01-29,159.34,161.29,158.9,161.26,45270400,2024-04-06 10:29:30
AMZN,USD,America/New_York,NASDAQ,XNGS,Common Stock,2024-01-26,158.42,160.72,157.91,159.12,51047400,2024-04-06 10:29:30
AMZN,USD,America/New_York,NASDAQ,XNGS,Common Stock,2024-01-25,156.95,158.51,154.55,157.75,43638600,2024-04-06 10:29:30
AMZN,USD,America/New_York,NASDAQ,XNGS,Common Stock,2024-01-24,157.8,158.51,156.48,156.87,48547300,2024-04-06 10:29:30
AMZN,USD,America/New_York,NASDAQ,XNGS,Common Stock,2024-01-23,154.85,156.21,153.93,156.02,37986000,2024-04-06 10:29:30
AMZN,USD,America/New_York,NASDAQ,XNGS,Common Stock,2024-01-22,156.89,157.05,153.9,154.78,43687500,2024-04-06 10:29:30
AMZN,USD,America/New_York,NASDAQ,XNGS,Common Stock,2024-01-19,153.83,155.76,152.74,155.34,51033700,2024-04-06 10:29:30
AMZN,USD,America/New_York,NASDAQ,XNGS,Common Stock,2024-01-18,152.77,153.78,151.82,153.5,37850200,2024-04-06 10:29:30
AMZN,USD,America/New_York,NASDAQ,XNGS,Common Stock,2024-01-17,151.49,152.15,149.91,151.71,34953400,2024-04-06 10:29:30
AMZN,USD,America/New_York,NASDAQ,XNGS,Common Stock,2024-01-16,153.53,154.99,152.15,153.16,41384600,2024-04-06 10:29:30
AMZN,USD,America/New_York,NASDAQ,XNGS,Common Stock,2024-01-12,155.39,156.2,154.01,154.62,40460300,2024-04-06 10:29:30
AMZN,USD,America/New_York,NASDAQ,XNGS,Common Stock,2024-01-11,155.04,157.17,153.12,155.18,49072700,2024-04-06 10:29:30
AMZN,USD,America/New_York,NASDAQ,XNGS,Common Stock,2024-01-10,152.06,154.42,151.88,153.73,44421800,2024-04-06 10:29:30
AMZN,USD,America/New_York,NASDAQ,XNGS,Common Stock,2024-01-09,148.33,151.71,148.21,151.37,43812600,2024-04-06 10:29:30
AMZN,USD,America/New_York,NASDAQ,XNGS,Common Stock,2024-01-08,146.74,149.4,146.15,149.1,46757100,2024-04-06 10:29:30
AMZN,USD,America/New_York,NASDAQ,XNGS,Common Stock,2024-01-05,144.69,146.59,144.53,145.24,45124800,2024-04-06 10:29:30
AMZN,USD,America/New_York,NASDAQ,XNGS,Common Stock,2024-01-04,145.59,147.38,144.05,144.57,56039800,2024-04-06 10:29:30
AMZN,USD,America/New_York,NASDAQ,XNGS,Common Stock,2024-01-03,149.2,151.05,148.33,148.47,49425500,2024-04-06 10:29:30
AMZN,USD,America/New_York,NASDAQ,XNGS,Common Stock,2024-01-02,151.54,152.38,148.39,149.93,47339400,2024-04-06 10:29:30
TSLA,USD,America/New_York,NASDAQ,XNGS,Common Stock,2024-04-05,169.08,170.86,160.51,164.9,141250700,2024-04-06 10:29:30
TSLA,USD,America/New_York,NASDAQ,XNGS,Common Stock,2024-04-04,170.07,177.19,168.01,171.11,123162000,2024-04-06 10:29:30
TSLA,USD,America/New_York,NASDAQ,XNGS,Common Stock,2024-04-03,164.02,168.82,163.28,168.38,82578000,2024-04-06 10:29:30
TSLA,USD,America/New_York,NASDAQ,XNGS,Common Stock,2024-04-02,164.75,167.69,163.43,166.63,116650600,2024-04-06 10:29:30
TSLA,USD,America/New_York,NASDAQ,XNGS,Common Stock,2024-04-01,176.17,176.75,170.21,175.22,81562100,2024-04-06 10:29:30
TSLA,USD,America/New_York,NASDAQ,XNGS,Common Stock,2024-03-28,177.45,179.57,175.3,175.79,77654800,2024-04-06 10:29:30
TSLA,USD,America/New_York,NASDAQ,XNGS,Common Stock,2024-03-27,181.41,181.91,176.0,179.83,81804000,2024-04-06 10:29:30
TSLA,USD,America/New_York,NASDAQ,XNGS,Common Stock,2024-03-26,178.58,184.25,177.38,177.67,113186200,2024-04-06 10:29:30
TSLA,USD,America/New_York,NASDAQ,XNGS,Common Stock,2024-03-25,168.76,175.24,168.73,172.63,74228600,2024-04-06 10:29:30
TSLA,USD,America/New_York,NASDAQ,XNGS,Common Stock,2024-03-22,166.69,171.2,166.3,170.83,75454700,2024-04-06 10:29:30
TSLA,USD,America/New_York,NASDAQ,XNGS,Common Stock,2024-03-21,176.39,178.18,171.8,172.82,73178000,2024-04-06 10:29:30
TSLA,USD,America/New_York,NASDAQ,XNGS,Common Stock,2024-03-20,173.0,176.25,170.82,175.66,83846700,2024-04-06 10:29:30
TSLA,USD,America/New_York,NASDAQ,XNGS,Common Stock,2024-03-19,172.36,172.82,167.42,171.32,77271400,2024-04-06 10:29:30
TSLA,USD,America/New_York,NASDAQ,XNGS,Common Stock,2024-03-18,170.02,174.72,165.9,173.8,108214400,2024-04-06 10:29:30
TSLA,USD,America/New_York,NASDAQ,XNGS,Common Stock,2024-03-15,163.16,165.18,160.76,163.57,96971900,2024-04-06 10:29:30
TSLA,USD,America/New_York,NASDAQ,XNGS,Common Stock,2024-03-14,167.77,171.17,160.51,162.5,126325700,2024-04-06 10:29:30
TSLA,USD,America/New_York,NASDAQ,XNGS,Common Stock,2024-03-13,173.05,176.05,169.15,169.48,106524500,2024-04-06 10:29:30
TSLA,USD,America/New_York,NASDAQ,XNGS,Common Stock,2024-03-12,177.77,179.43,172.41,177.54,87391700,2024-04-06 10:29:30
TSLA,USD,America/New_York,NASDAQ,XNGS,Common Stock,2024-03-11,175.45,182.87,174.8,177.77,85391500,2024-04-06 10:29:30
TSLA,USD,America/New_York,NASDAQ,XNGS,Common Stock,2024-03-08,181.5,182.73,174.7,175.34,85315300,2024-04-06 10:29:30
TSLA,USD,America/New_York,NASDAQ,XNGS,Common Stock,2024-03-07,174.35,180.04,173.7,178.65,102129000,2024-04-06 10:29:30
TSLA,USD,America/New_York,NASDAQ,XNGS,Common Stock,2024-03-06,179.99,181.58,173.7,176.54,107920900,2024-04-06 10:29:30
TSLA,USD,America/New_York,NASDAQ,XNGS,Common Stock,2024-03-05,183.05,184.59,177.57,180.74,119660800,2024-04-06 10:29:30
TSLA,USD,America/New_York,NASDAQ,XNGS,Common Stock,2024-03-04,198.73,199.75,186.72,188.14,134334900,2024-04-06 10:29:30
TSLA,USD,America/New_York,NASDAQ,XNGS,Common Stock,2024-03-01,200.52,204.52,198.5,202.64,82099200,2024-04-06 10:29:30
TSLA,USD,America/New_York,NASDAQ,XNGS,Common Stock,2024-02-29,204.18,205.28,198.45,201.88,85907000,2024-04-06 10:29:30
TSLA,USD,America/New_York,NASDAQ,XNGS,Common Stock,2024-02-28,200.42,205.3,198.44,202.04,99806200,2024-04-06 10:29:30
TSLA,USD,America/New_York,NASDAQ,XNGS,Common Stock,2024-02-27,204.04,205.6,198.26,199.73,108645400,2024-04-06 10:29:30
TSLA,USD,America/New_York,NASDAQ,XNGS,Common Stock,2024-02-26,192.29,201.78,192.0,199.4,111747100,2024-04-06 10:29:30
TSLA,USD,America/New_York,NASDAQ,XNGS,Common Stock,2024-02-23,195.31,197.57,191.5,191.97,78841900,2024-04-06 10:29:30
TSLA,USD,America/New_York,NASDAQ,XNGS,Common Stock,2024-02-22,194.0,198.32,191.36,197.41,92739500,2024-04-06 10:29:30
TSLA,USD,America/New_York,NASDAQ,XNGS,Common Stock,2024-02-21,193.36,199.44,191.95,194.77,103844000,2024-04-06 10:29:30
TSLA,USD,America/New_York,NASDAQ,XNGS,Common Stock,2024-02-20,196.13,198.6,189.13,193.76,104545800,2024-04-06 10:29:30
TSLA,USD,America/New_York,NASDAQ,XNGS,Common Stock,2024-02-16,202.06,203.17,197.4,199.95,111173600,2024-04-06 10:29:30
TSLA,USD,America/New_York,NASDAQ,XNGS,Common Stock,2024-02-15,189.16,200.88,188.86,200.45,120831800,2024-04-06 10:29:30
TSLA,USD,America/New_York,NASDAQ,XNGS,Common Stock,2024-02-14,185.3,188.89,183.35,188.71,81203000,2024-04-06 10:29:30
TSLA,USD,America/New_York,NASDAQ,XNGS,Common Stock,2024-02-13,183.99,187.26,182.11,184.02,86759500,2024-04-06 10:29:30
TSLA,USD,America/New_York,NASDAQ,XNGS,Common Stock,2024-02-12,192.11,194.73,187.28,188.13,95498600,2024-04-06 10:29:30
TSLA,USD,America/New_York,NASDAQ,XNGS,Common Stock,2024-02-09,190.18,194.12,189.48,193.57,84476300,2024-04-06 10:29:30
TSLA,USD,America/New_York,NASDAQ,XNGS,Common Stock,2024-02-08,189.0,191.62,185.58,189.56,83034000,2024-04-06 10:29:30
TSLA,USD,America/New_York,NASDAQ,XNGS,Common Stock,2024-02-07,188.18,189.79,182.68,187.58,111535200,2024-04-06 10:29:30
TSLA,USD,America/New_York,NASDAQ,XNGS,Common Stock,2024-02-06,177.21,186.49,177.11,185.1,122676000,2024-04-06 10:29:30
TSLA,USD,America/New_York,NASDAQ,XNGS,Common Stock,2024-02-05,184.26,184.68,175.01,181.06,134294400,2024-04-06 10:29:30
TSLA,USD,America/New_York,NASDAQ,XNGS,Common Stock,2024-02-02,185.04,188.69,182.0,187.91,110505100,2024-04-06 10:29:30
TSLA,USD,America/New_York,NASDAQ,XNGS,Common Stock,2024-02-01,188.5,189.88,184.28,188.86,91843300,2024-04-06 10:29:30
TSLA,USD,America/New_York,NASDAQ,XNGS,Common Stock,2024-01-31,187.0,193.97,185.85,187.29,103221400,2024-04-06 10:29:30
TSLA,USD,America/New_York,NASDAQ,XNGS,Common Stock,2024-01-30,195.33,196.36,190.61,191.59,109982300,2024-04-06 10:29:30
TSLA,USD,America/New_York,NASDAQ,XNGS,Common Stock,2024-01-29,185.63,191.48,183.67,190.93,125013100,2024-04-06 10:29:30
TSLA,USD,America/New_York,NASDAQ,XNGS,Common Stock,2024-01-26,185.5,186.78,182.1,183.25,107343200,2024-04-06 10:29:30
TSLA,USD,America/New_York,NASDAQ,XNGS,Common Stock,2024-01-25,189.7,193.0,180.06,182.63,198076800,2024-04-06 10:29:30
TSLA,USD,America/New_York,NASDAQ,XNGS,Common Stock,2024-01-24,211.88,212.73,206.77,207.83,123369900,2024-04-06 10:29:30
TSLA,USD,America/New_York,NASDAQ,XNGS,Common Stock,2024-01-23,211.3,215.65,207.75,209.14,106605900,2024-04-06 10:29:30
TSLA,USD,America/New_York,NASDAQ,XNGS,Common Stock,2024-01-22,212.26,217.8,206.27,208.8,117952500,2024-04-06 10:29:30
TSLA,USD,America/New_York,NASDAQ,XNGS,Common Stock,2024-01-19,209.99,213.19,207.56,212.19,102095800,2024-04-06 10:29:30
TSLA,USD,America/New_York,NASDAQ,XNGS,Common Stock,2024-01-18,216.88,217.45,208.74,211.88,108595400,2024-04-06 10:29:30
TSLA,USD,America/New_York,NASDAQ,XNGS,Common Stock,2024-01-17,214.86,215.67,212.01,215.55,103164400,2024-04-06 10:29:30
TSLA,USD,America/New_York,NASDAQ,XNGS,Common Stock,2024-01-16,215.1,223.49,212.18,219.91,115355000,2024-04-06 10:29:30
TSLA,USD,America/New_York,NASDAQ,XNGS,Common Stock,2024-01-12,220.08,225.34,217.15,218.89,122889000,2024-04-06 10:29:30
TSLA,USD,America/New_York,NASDAQ,XNGS,Common Stock,2024-01-11,230.57,230.93,225.37,227.22,105873600,2024-04-06 10:29:30
TSLA,USD,America/New_York,NASDAQ,XNGS,Common Stock,2024-01-10,235.1,235.5,231.29,233.94,91628500,2024-04-06 10:29:30
TSLA,USD,America/New_York,NASDAQ,XNGS,Common Stock,2024-01-09,238.11,238.96,232.04,234.96,96705700,2024-04-06 10:29:30
TSLA,USD,America/New_York,NASDAQ,XNGS,Common Stock,2024-01-08,236.14,241.25,235.3,240.45,85166600,2024-04-06 10:29:30
TSLA,USD,America/New_York,NASDAQ,XNGS,Common Stock,2024-01-05,236.86,240.12,234.9,237.49,92379400,2024-04-06 10:29:30
TSLA,USD,America/New_York,NASDAQ,XNGS,Common Stock,2024-01-04,239.25,242.7,237.73,237.93,102629300,2024-04-06 10:29:30
TSLA,USD,America/New_York,NASDAQ,XNGS,Common Stock,2024-01-03,244.98,245.68,236.32,238.45,121082600,2024-04-06 10:29:30
TSLA,USD,America/New_York,NASDAQ,XNGS,Common Stock,2024-01-02,250.08,251.25,244.41,248.42,104654200,2024-04-06 10:29:30
META,USD,America/New_York,NASDAQ,XNGS,Common Stock,2024-04-05,516.86,530.7,514.41,527.34,19242000,2024-04-06 10:29:30
META,USD,America/New_York,NASDAQ,XNGS,Common Stock,2024-04-04,516.42,530.0,510.58,510.92,26476300,2024-04-06 10:29:30
META,USD,America/New_York,NASDAQ,XNGS,Common Stock,2024-04-03,498.93,507.24,498.75,506.74,12047100,2024-04-06 10:29:30
META,USD,America/New_York,NASDAQ,XNGS,Common Stock,2024-04-02,485.1,497.53,484.65,497.37,11081000,2024-04-06 10:29:30
META,USD,America/New_York,NASDAQ,XNGS,Common Stock,2024-04-01,487.2,497.43,481.78,491.35,9247000,2024-04-06 10:29:30
META,USD,America/New_York,NASDAQ,XNGS,Common Stock,2024-03-28,492.84,492.89,485.15,485.58,15212800,2024-04-06 10:29:30
META,USD,America/New_York,NASDAQ,XNGS,Common Stock,2024-03-27,499.3,499.89,488.07,493.86,9989700,2024-04-06 10:29:30
META,USD,America/New_York,NASDAQ,XNGS,Common Stock,2024-03-26,505.13,510.0,495.21,495.89,11205400,2024-04-06 10:29:30
META,USD,America/New_York,NASDAQ,XNGS,Common Stock,2024-03-25,505.79,507.22,500.24,503.02,8380600,2024-04-06 10:29:30
META,USD,America/New_York,NASDAQ,XNGS,Common Stock,2024-03-22,507.0,509.97,504.34,509.58,8117000,2024-04-06 10:29:30
META,USD,America/New_York,NASDAQ,XNGS,Common Stock,2024-03-21,514.71,515.04,506.01,507.76,9712500,2024-04-06 10:29:30
META,USD,America/New_York,NASDAQ,XNGS,Common Stock,2024-03-20,499.5,508.2,495.17,505.52,11711100,2024-04-06 10:29:30
META,USD,America/New_York,NASDAQ,XNGS,Common Stock,2024-03-19,488.17,496.63,481.28,496.24,10903100,2024-04-06 10:29:30
META,USD,America/New_York,NASDAQ,XNGS,Common Stock,2024-03-18,491.91,497.42,486.81,496.98,11755300,2024-04-06 10:29:30
META,USD,America/New_York,NASDAQ,XNGS,Common Stock,2024-03-15,489.01,491.83,481.3,484.1,29141700,2024-04-06 10:29:30
META,USD,America/New_York,NASDAQ,XNGS,Common Stock,2024-03-14,500.26,501.35,488.16,491.83,12620000,2024-04-06 10:29:30
META,USD,America/New_York,NASDAQ,XNGS,Common Stock,2024-03-13,495.39,500.98,491.03,495.57,12090700,2024-04-06 10:29:30
META,USD,America/New_York,NASDAQ,XNGS,Common Stock,2024-03-12,493.26,502.31,484.73,499.75,15448200,2024-04-06 10:29:30
META,USD,America/New_York,NASDAQ,XNGS,Common Stock,2024-03-11,497.01,497.32,476.0,483.59,20428300,2024-04-06 10:29:30
META,USD,America/New_York,NASDAQ,XNGS,Common Stock,2024-03-08,514.19,523.57,499.35,505.95,18575200,2024-04-06 10:29:30
META,USD,America/New_York,NASDAQ,XNGS,Common Stock,2024-03-07,503.28,519.85,501.38,512.19,18586400,2024-04-06 10:29:30
META,USD,America/New_York,NASDAQ,XNGS,Common Stock,2024-03-06,497.63,502.97,494.29,496.09,11757900,2024-04-06 10:29:30
META,USD,America/New_York,NASDAQ,XNGS,Common Stock,2024-03-05,495.0,495.58,487.89,490.22,15325300,2024-04-06 10:29:30
META,USD,America/New_York,NASDAQ,XNGS,Common Stock,2024-03-04,503.0,504.42,496.42,498.19,12324100,2024-04-06 10:29:30
META,USD,America/New_York,NASDAQ,XNGS,Common Stock,2024-03-01,492.11,504.25,491.85,502.3,16273600,2024-04-06 10:29:30
META,USD,America/New_York,NASDAQ,XNGS,Common Stock,2024-02-29,488.44,491.7,482.61,490.13,17732000,2024-04-06 10:29:30
META,USD,America/New_York,NASDAQ,XNGS,Common Stock,2024-02-28,485.0,491.05,482.75,484.02,12715500,2024-04-06 10:29:30
META,USD,America/New_York,NASDAQ,XNGS,Common Stock,2024-02-27,479.98,487.27,479.92,487.05,10809600,2024-04-06 10:29:30
META,USD,America/New_York,NASDAQ,XNGS,Common Stock,2024-02-26,483.47,486.14,480.6,481.74,12101400,2024-04-06 10:29:30
META,USD,America/New_York,NASDAQ,XNGS,Common Stock,2024-02-23,488.05,494.36,482.35,484.03,18374300,2024-04-06 10:29:30
META,USD,America/New_York,NASDAQ,XNGS,Common Stock,2024-02-22,480.24,489.99,476.06,486.13,21625800,2024-04-06 10:29:30
META,USD,America/New_York,NASDAQ,XNGS,Common Stock,2024-02-21,466.5,469.0,461.79,468.03,12977100,2024-04-06 10:29:30
META,USD,America/New_York,NASDAQ,XNGS,Common Stock,2024-02-20,469.72,476.18,466.56,471.75,18015500,2024-04-06 10:29:30
META,USD,America/New_York,NASDAQ,XNGS,Common Stock,2024-02-16,478.11,478.96,469.21,473.32,23306500,2024-04-06 10:29:30
META,USD,America/New_York,NASDAQ,XNGS,Common Stock,2024-02-15,475.28,488.62,472.22,484.03,24212300,2024-04-06 10:29:30
META,USD,America/New_York,NASDAQ,XNGS,Common Stock,2024-02-14,467.93,474.11,466.09,473.28,16858400,2024-04-06 10:29:30
META,USD,America/New_York,NASDAQ,XNGS,Common Stock,2024-02-13,456.87,467.89,455.09,460.12,20916600,2024-04-06 10:29:30
META,USD,America/New_York,NASDAQ,XNGS,Common Stock,2024-02-12,468.19,479.15,466.58,468.9,19382000,2024-04-06 10:29:30
META,USD,America/New_York,NASDAQ,XNGS,Common Stock,2024-02-09,472.95,473.59,467.47,468.11,18413100,2024-04-06 10:29:30
META,USD,America/New_York,NASDAQ,XNGS,Common Stock,2024-02-08,468.32,470.59,465.03,470.0,18815100,2024-04-06 10:29:30
META,USD,America/New_York,NASDAQ,XNGS,Common Stock,2024-02-07,458.0,471.52,456.18,469.59,23066000,2024-04-06 10:29:30
META,USD,America/New_York,NASDAQ,XNGS,Common Stock,2024-02-06,464.0,467.12,453.0,454.72,21655200,2024-04-06 10:29:30
META,USD,America/New_York,NASDAQ,XNGS,Common Stock,2024-02-05,469.88,471.9,459.22,459.41,40832400,2024-04-06 10:29:30
META,USD,America/New_York,NASDAQ,XNGS,Common Stock,2024-02-02,459.6,485.96,453.01,474.99,84615500,2024-04-06 10:29:30
META,USD,America/New_York,NASDAQ,XNGS,Common Stock,2024-02-01,393.94,400.5,393.05,394.78,29727100,2024-04-06 10:29:30
META,USD,America/New_York,NASDAQ,XNGS,Common Stock,2024-01-31,389.0,398.0,387.1,390.14,20180800,2024-04-06 10:29:30
META,USD,America/New_York,NASDAQ,XNGS,Common Stock,2024-01-30,403.59,406.36,399.57,400.06,18614700,2024-04-06 10:29:30
META,USD,America/New_York,NASDAQ,XNGS,Common Stock,2024-01-29,394.99,402.93,393.1,401.02,18742400,2024-04-06 10:29:30
META,USD,America/New_York,NASDAQ,XNGS,Common Stock,2024-01-26,394.35,396.79,391.59,394.14,13163700,2024-04-06 10:29:30
META,USD,America/New_York,NASDAQ,XNGS,Common Stock,2024-01-25,390.17,395.49,385.66,393.18,15091100,2024-04-06 10:29:30
META,USD,America/New_York,NASDAQ,XNGS,Common Stock,2024-01-24,390.0,396.15,387.81,390.7,15698500,2024-04-06 10:29:30
META,USD,America/New_York,NASDAQ,XNGS,Common Stock,2024-01-23,384.62,388.38,382.08,385.2,15506100,2024-04-06 10:29:30
META,USD,America/New_York,NASDAQ,XNGS,Common Stock,2024-01-22,387.95,390.35,381.16,381.78,17680500,2024-04-06 10:29:30
META,USD,America/New_York,NASDAQ,XNGS,Common Stock,2024-01-19,379.0,384.36,377.97,383.45,21470100,2024-04-06 10:29:30
META,USD,America/New_York,NASDAQ,XNGS,Common Stock,2024-01-18,371.49,376.85,370.95,376.13,16354300,2024-04-06 10:29:30
META,USD,America/New_York,NASDAQ,XNGS,Common Stock,2024-01-17,366.3,368.54,358.61,368.37,12724800,2024-04-06 10:29:30
META,USD,America/New_York,NASDAQ,XNGS,Common Stock,2024-01-16,373.65,375.61,367.23,367.46,15306900,2024-04-06 10:29:30
META,USD,America/New_York,NASDAQ,XNGS,Common Stock,2024-01-12,370.16,377.06,369.54,374.49,19295700,2024-04-06 10:29:30
META,USD,America/New_York,NASDAQ,XNGS,Common Stock,2024-01-11,372.13,372.78,362.93,369.67,17205400,2024-04-06 10:29:30
META,USD,America/New_York,NASDAQ,XNGS,Common Stock,2024-01-10,360.17,372.94,359.08,370.47,22117200,2024-04-06 10:29:30
META,USD,America/New_York,NASDAQ,XNGS,Common Stock,2024-01-09,356.4,360.64,355.36,357.43,13463900,2024-04-06 10:29:30
META,USD,America/New_York,NASDAQ,XNGS,Common Stock,2024-01-08,354.7,358.98,352.05,358.66,13890200,2024-04-06 10:29:30
META,USD,America/New_York,NASDAQ,XNGS,Common Stock,2024-01-05,346.99,353.5,346.26,351.95,13920700,2024-04-06 10:29:30
META,USD,America/New_York,NASDAQ,XNGS,Common Stock,2024-01-04,344.5,348.15,343.4,347.12,12099900,2024-04-06 10:29:30
META,USD,America/New_York,NASDAQ,XNGS,Common Stock,2024-01-03,344.98,347.95,343.18,344.47,15451100,2024-04-06 10:29:30
META,USD,America/New_York,NASDAQ,XNGS,Common Stock,2024-01-02,351.32,353.16,340.01,346.29,19042200,2024-04-06 10:29:30
GOOG,USD,America/New_York,NASDAQ,XNGS,Common Stock,2024-04-05,151.68,154.84,151.081,153.94,16289800,2024-04-06 10:29:30
GOOG,USD,America/New_York,NASDAQ,XNGS,Common Stock,2024-04-04,155.08,156.18,151.88,151.94,24184800,2024-04-06 10:29:30
GOOG,USD,America/New_York,NASDAQ,XNGS,Common Stock,2024-04-03,154.92,156.55,154.132,156.37,17218400,2024-04-06 10:29:30
GOOG,USD,America/New_York,NASDAQ,XNGS,Common Stock,2024-04-02,154.75,155.99,153.46,155.87,17598100,2024-04-06 10:29:30
GOOG,USD,America/New_York,NASDAQ,XNGS,Common Stock,2024-04-01,151.83,157.0,151.65,156.5,24469800,2024-04-06 10:29:30
GOOG,USD,America/New_York,NASDAQ,XNGS,Common Stock,2024-03-28,152.0,152.67,151.33,152.26,21105600,2024-04-06 10:29:30
GOOG,USD,America/New_York,NASDAQ,XNGS,Common Stock,2024-03-27,152.145,152.69,150.13,151.94,16622000,2024-04-06 10:29:30
GOOG,USD,America/New_York,NASDAQ,XNGS,Common Stock,2024-03-26,151.24,153.2,151.03,151.7,19312700,2024-04-06 10:29:30
GOOG,USD,America/New_York,NASDAQ,XNGS,Common Stock,2024-03-25,150.95,151.456,148.8,151.15,15114700,2024-04-06 10:29:30
GOOG,USD,America/New_York,NASDAQ,XNGS,Common Stock,2024-03-22,150.24,152.56,150.09,151.77,19226300,2024-04-06 10:29:30
GOOG,USD,America/New_York,NASDAQ,XNGS,Common Stock,2024-03-21,150.32,151.305,148.01,148.74,19843900,2024-04-06 10:29:30
GOOG,USD,America/New_York,NASDAQ,XNGS,Common Stock,2024-03-20,148.79,149.76,147.665,149.68,17730000,2024-04-06 10:29:30
GOOG,USD,America/New_York,NASDAQ,XNGS,Common Stock,2024-03-19,148.98,149.62,147.01,147.92,17748400,2024-04-06 10:29:30
GOOG,USD,America/New_York,NASDAQ,XNGS,Common Stock,2024-03-18,149.37,152.93,148.14,148.48,47676700,2024-04-06 10:29:30
GOOG,USD,America/New_York,NASDAQ,XNGS,Common Stock,2024-03-15,143.41,144.34,141.13,142.17,41025900,2024-04-06 10:29:30
GOOG,USD,America/New_York,NASDAQ,XNGS,Common Stock,2024-03-14,142.3,144.73,141.485,144.34,36117900,2024-04-06 10:29:30
GOOG,USD,America/New_York,NASDAQ,XNGS,Common Stock,2024-03-13,140.06,142.19,140.01,140.77,19637000,2024-04-06 10:29:30
GOOG,USD,America/New_York,NASDAQ,XNGS,Common Stock,2024-03-12,138.25,140.28,138.21,139.62,19019700,2024-04-06 10:29:30
GOOG,USD,America/New_York,NASDAQ,XNGS,Common Stock,2024-03-11,137.07,139.98,137.07,138.94,22536400,2024-04-06 10:29:30
GOOG,USD,America/New_York,NASDAQ,XNGS,Common Stock,2024-03-08,135.035,138.985,134.8,136.29,26472400,2024-04-06 10:29:30
GOOG,USD,America/New_York,NASDAQ,XNGS,Common Stock,2024-03-07,133.89,135.82,132.66,135.24,24107300,2024-04-06 10:29:30
GOOG,USD,America/New_York,NASDAQ,XNGS,Common Stock,2024-03-06,134.24,134.74,131.95,132.56,23175200,2024-04-06 10:29:30
GOOG,USD,America/New_York,NASDAQ,XNGS,Common Stock,2024-03-05,132.74,134.02,131.55,133.78,28447600,2024-04-06 10:29:30
GOOG,USD,America/New_York,NASDAQ,XNGS,Common Stock,2024-03-04,136.54,136.63,132.86,134.2,43571500,2024-04-06 10:29:30
GOOG,USD,America/New_York,NASDAQ,XNGS,Common Stock,2024-03-01,139.61,140.0,137.975,138.08,28522000,2024-04-06 10:29:30
GOOG,USD,America/New_York,NASDAQ,XNGS,Common Stock,2024-02-29,138.35,139.95,137.57,139.78,35485000,2024-04-06 10:29:30
GOOG,USD,America/New_York,NASDAQ,XNGS,Common Stock,2024-02-28,139.1,139.28,136.64,137.43,30628700,2024-04-06 10:29:30
GOOG,USD,America/New_York,NASDAQ,XNGS,Common Stock,2024-02-27,139.41,140.49,138.5,140.1,22364000,2024-04-06 10:29:30
GOOG,USD,America/New_York,NASDAQ,XNGS,Common Stock,2024-02-26,143.45,143.84,138.74,138.75,33513000,2024-04-06 10:29:30
GOOG,USD,America/New_York,NASDAQ,XNGS,Common Stock,2024-02-23,144.97,145.955,144.79,145.29,14519400,2024-04-06 10:29:30
GOOG,USD,America/New_York,NASDAQ,XNGS,Common Stock,2024-02-22,146.12,146.2,144.01,145.32,23024700,2024-04-06 10:29:30
GOOG,USD,America/New_York,NASDAQ,XNGS,Common Stock,2024-02-21,142.64,143.98,141.91,143.84,16499600,2024-04-06 10:29:30
GOOG,USD,America/New_York,NASDAQ,XNGS,Common Stock,2024-02-20,140.94,143.329,140.8,142.2,18625600,2024-04-06 10:29:30
GOOG,USD,America/New_York,NASDAQ,XNGS,Common Stock,2024-02-16,144.21,144.48,141.52,141.76,21849700,2024-04-06 10:29:30
GOOG,USD,America/New_York,NASDAQ,XNGS,Common Stock,2024-02-15,144.46,144.76,141.88,143.94,26724300,2024-04-06 10:29:30
GOOG,USD,America/New_York,NASDAQ,XNGS,Common Stock,2024-02-14,147.37,147.83,145.555,147.14,16651800,2024-04-06 10:29:30
GOOG,USD,America/New_York,NASDAQ,XNGS,Common Stock,2024-02-13,146.07,148.04,145.11,146.37,18138500,2024-04-06 10:29:30
GOOG,USD,America/New_York,NASDAQ,XNGS,Common Stock,2024-02-12,149.54,150.59,148.56,148.73,17236100,2024-04-06 10:29:30
GOOG,USD,America/New_York,NASDAQ,XNGS,Common Stock,2024-02-09,147.95,150.695,147.43,150.22,21877700,2024-04-06 10:29:30
GOOG,USD,America/New_York,NASDAQ,XNGS,Common Stock,2024-02-08,146.97,147.61,146.42,147.22,18241300,2024-04-06 10:29:30
GOOG,USD,America/New_York,NASDAQ,XNGS,Common Stock,2024-02-07,146.12,147.0,145.21,146.68,21436100,2024-04-06 10:29:30
GOOG,USD,America/New_York,NASDAQ,XNGS,Common Stock,2024-02-06,145.96,146.74,144.52,145.41,21517700,2024-04-06 10:29:30
GOOG,USD,America/New_York,NASDAQ,XNGS,Common Stock,2024-02-05,144.04,146.67,143.91,144.93,29254400,2024-04-06 10:29:30
GOOG,USD,America/New_York,NASDAQ,XNGS,Common Stock,2024-02-02,140.89,143.88,138.17,143.54,42116900,2024-04-06 10:29:30
GOOG,USD,America/New_York,NASDAQ,XNGS,Common Stock,2024-02-01,143.69,144.62,142.26,142.71,25526900,2024-04-06 10:29:30
GOOG,USD,America/New_York,NASDAQ,XNGS,Common Stock,2024-01-31,145.39,145.59,141.55,141.8,43908600,2024-04-06 10:29:30
GOOG,USD,America/New_York,NASDAQ,XNGS,Common Stock,2024-01-30,154.01,155.04,152.775,153.05,26578900,2024-04-06 10:29:30
GOOG,USD,America/New_York,NASDAQ,XNGS,Common Stock,2024-01-29,153.64,155.2,152.92,154.84,20909300,2024-04-06 10:29:30
GOOG,USD,America/New_York,NASDAQ,XNGS,Common Stock,2024-01-26,152.87,154.11,152.8,153.79,19494500,2024-04-06 10:29:30
GOOG,USD,America/New_York,NASDAQ,XNGS,Common Stock,2024-01-25,151.74,154.76,151.22,153.64,21495100,2024-04-06 10:29:30
GOOG,USD,America/New_York,NASDAQ,XNGS,Common Stock,2024-01-24,150.29,151.57,149.84,150.35,19245000,2024-04-06 10:29:30
GOOG,USD,America/New_York,NASDAQ,XNGS,Common Stock,2024-01-23,147.72,148.86,147.19,148.68,14113600,2024-04-06 10:29:30
GOOG,USD,America/New_York,NASDAQ,XNGS,Common Stock,2024-01-22,148.71,150.015,147.58,147.71,21829200,2024-04-06 10:29:30
GOOG,USD,America/New_York,NASDAQ,XNGS,Common Stock,2024-01-19,146.305,148.04,145.8,147.97,27170900,2024-04-06 10:29:30
GOOG,USD,America/New_York,NASDAQ,XNGS,Common Stock,2024-01-18,143.44,145.585,143.35,144.99,18876800,2024-04-06 10:29:30
GOOG,USD,America/New_York,NASDAQ,XNGS,Common Stock,2024-01-17,142.91,143.41,140.51,142.89,17884500,2024-04-06 10:29:30
GOOG,USD,America/New_York,NASDAQ,XNGS,Common Stock,2024-01-16,143.43,145.84,143.056,144.08,19198900,2024-04-06 10:29:30
GOOG,USD,America/New_York,NASDAQ,XNGS,Common Stock,2024-01-12,144.34,144.74,143.36,144.24,13995200,2024-04-06 10:29:30
GOOG,USD,America/New_York,NASDAQ,XNGS,Common Stock,2024-01-11,144.895,146.66,142.215,143.67,17471100,2024-04-06 10:29:30
GOOG,USD,America/New_York,NASDAQ,XNGS,Common Stock,2024-01-10,142.52,144.525,142.46,143.8,16641900,2024-04-06 10:29:30
GOOG,USD,America/New_York,NASDAQ,XNGS,Common Stock,2024-01-09,140.06,142.8,139.79,142.56,19579700,2024-04-06 10:29:30
GOOG,USD,America/New_York,NASDAQ,XNGS,Common Stock,2024-01-08,138.0,140.64,137.88,140.53,17645300,2024-04-06 10:29:30
GOOG,USD,America/New_York,NASDAQ,XNGS,Common Stock,2024-01-05,138.352,138.81,136.85,137.39,15433200,2024-04-06 10:29:30
GOOG,USD,America/New_York,NASDAQ,XNGS,Common Stock,2024-01-04,139.85,140.635,138.01,138.04,18253300,2024-04-06 10:29:30
GOOG,USD,America/New_York,NASDAQ,XNGS,Common Stock,2024-01-03,138.6,141.09,138.43,140.36,18974300,2024-04-06 10:29:30
GOOG,USD,America/New_York,NASDAQ,XNGS,Common Stock,2024-01-02,139.6,140.615,137.74,139.56,20071900,2024-04-06 10:29:30
SPY,USD,America/New_York,NYSE,ARCX,ETF,2024-04-05,514.46,520.44,514.01,518.43,74482100,2024-04-06 10:29:30
SPY,USD,America/New_York,NYSE,ARCX,ETF,2024-04-04,523.52,523.87,512.76,513.07,96858100,2024-04-06 10:29:30
SPY,USD,America/New_York,NYSE,ARCX,ETF,2024-04-03,517.72,520.95,517.67,519.41,59036800,2024-04-06 10:29:30
SPY,USD,America/New_York,NYSE,ARCX,ETF,2024-04-02,518.24,518.98,516.48,518.84,74230300,2024-04-06 10:29:30
SPY,USD,America/New_York,NYSE,ARCX,ETF,2024-04-01,523.83,524.38,520.97,522.16,62477500,2024-04-06 10:29:30
SPY,USD,America/New_York,NYSE,ARCX,ETF,2024-03-28,523.21,524.61,522.78,523.07,96294900,2024-04-06 10:29:30
SPY,USD,America/New_York,NYSE,ARCX,ETF,2024-03-27,521.71,523.21,519.49,523.17,82999800,2024-04-06 10:29:30
SPY,USD,America/New_York,NYSE,ARCX,ETF,2024-03-26,521.23,521.58,518.4,518.81,65463700,2024-04-06 10:29:30
SPY,USD,America/New_York,NYSE,ARCX,ETF,2024-03-25,519.8,520.95,519.61,519.77,48512100,2024-04-06 10:29:30
SPY,USD,America/New_York,NYSE,ARCX,ETF,2024-03-22,522.11,522.61,520.97,521.21,79023000,2024-04-06 10:29:30
SPY,USD,America/New_York,NYSE,ARCX,ETF,2024-03-21,523.39,524.11,521.91,522.2,60256100,2024-04-06 10:29:30
SPY,USD,America/New_York,NYSE,ARCX,ETF,2024-03-20,515.77,520.62,515.08,520.48,69594600,2024-04-06 10:29:30
SPY,USD,America/New_York,NYSE,ARCX,ETF,2024-03-19,512.15,516.0,511.12,515.71,60755300,2024-04-06 10:29:30
SPY,USD,America/New_York,NYSE,ARCX,ETF,2024-03-18,514.0,515.48,512.44,512.86,88893300,2024-04-06 10:29:30
SPY,USD,America/New_York,NYSE,ARCX,ETF,2024-03-15,510.21,511.7,508.12,509.83,107585800,2024-04-06 10:29:30
SPY,USD,America/New_York,NYSE,ARCX,ETF,2024-03-14,516.97,517.13,511.82,514.95,110171800,2024-04-06 10:29:30
SPY,USD,America/New_York,NYSE,ARCX,ETF,2024-03-13,517.11,517.29,514.49,515.97,55104100,2024-04-06 10:29:30
SPY,USD,America/New_York,NYSE,ARCX,ETF,2024-03-12,513.45,517.38,510.86,516.78,73114400,2024-04-06 10:29:30
SPY,USD,America/New_York,NYSE,ARCX,ETF,2024-03-11,510.48,511.88,508.5,511.28,62557200,2024-04-06 10:29:30
SPY,USD,America/New_York,NYSE,ARCX,ETF,2024-03-08,515.46,518.22,511.13,511.72,86425500,2024-04-06 10:29:30
SPY,USD,America/New_York,NYSE,ARCX,ETF,2024-03-07,513.14,515.89,509.81,514.81,58652100,2024-04-06 10:29:30
SPY,USD,America/New_York,NYSE,ARCX,ETF,2024-03-06,510.55,512.07,508.42,509.75,68382400,2024-04-06 10:29:30
SPY,USD,America/New_York,NYSE,ARCX,ETF,2024-03-05,510.24,510.7,504.91,507.18,72855600,2024-04-06 10:29:30
SPY,USD,America/New_York,NYSE,ARCX,ETF,2024-03-04,512.03,514.2,512.0,512.3,49799300,2024-04-06 10:29:30
SPY,USD,America/New_York,NYSE,ARCX,ETF,2024-03-01,508.98,513.29,508.56,512.85,76805900,2024-04-06 10:29:30
SPY,USD,America/New_York,NYSE,ARCX,ETF,2024-02-29,508.07,509.74,505.35,508.08,83924800,2024-04-06 10:29:30
SPY,USD,America/New_York,NYSE,ARCX,ETF,2024-02-28,505.33,506.86,504.96,506.26,56506600,2024-04-06 10:29:30
SPY,USD,America/New_York,NYSE,ARCX,ETF,2024-02-27,506.7,507.16,504.75,506.93,48854500,2024-04-06 10:29:30
SPY,USD,America/New_York,NYSE,ARCX,ETF,2024-02-26,508.3,508.75,505.86,505.99,50386700,2024-04-06 10:29:30
SPY,USD,America/New_York,NYSE,ARCX,ETF,2024-02-23,509.27,510.13,507.1,507.85,61321800,2024-04-06 10:29:30
SPY,USD,America/New_York,NYSE,ARCX,ETF,2024-02-22,504.01,508.49,503.02,507.5,76402500,2024-04-06 10:29:30
SPY,USD,America/New_York,NYSE,ARCX,ETF,2024-02-21,495.42,497.37,493.56,497.21,59603800,2024-04-06 10:29:30
SPY,USD,America/New_York,NYSE,ARCX,ETF,2024-02-20,497.72,498.41,494.45,496.76,71736700,2024-04-06 10:29:30
SPY,USD,America/New_York,NYSE,ARCX,ETF,2024-02-16,501.7,502.87,498.75,499.51,75461200,2024-04-06 10:29:30
SPY,USD,America/New_York,NYSE,ARCX,ETF,2024-02-15,499.29,502.2,498.8,502.01,61683000,2024-04-06 10:29:30
SPY,USD,America/New_York,NYSE,ARCX,ETF,2024-02-14,496.79,499.07,494.4,498.57,68387800,2024-04-06 10:29:30
SPY,USD,America/New_York,NYSE,ARCX,ETF,2024-02-13,494.53,497.09,490.72,494.08,113099200,2024-04-06 10:29:30
SPY,USD,America/New_York,NYSE,ARCX,ETF,2024-02-12,501.17,503.5,500.24,500.98,56502300,2024-04-06 10:29:30
SPY,USD,America/New_York,NYSE,ARCX,ETF,2024-02-09,498.84,501.65,498.49,501.2,63979400,2024-04-06 10:29:30
SPY,USD,America/New_York,NYSE,ARCX,ETF,2024-02-08,498.1,498.71,497.26,498.32,52343600,2024-04-06 10:29:30
SPY,USD,America/New_York,NYSE,ARCX,ETF,2024-02-07,496.29,498.53,495.36,498.1,70556500,2024-04-06 10:29:30
SPY,USD,America/New_York,NYSE,ARCX,ETF,2024-02-06,493.52,494.32,492.05,493.98,55918600,2024-04-06 10:29:30
SPY,USD,America/New_York,NYSE,ARCX,ETF,2024-02-05,493.7,494.38,490.23,492.55,75757100,2024-04-06 10:29:30
SPY,USD,America/New_York,NYSE,ARCX,ETF,2024-02-02,489.65,496.05,489.3,494.35,99147700,2024-04-06 10:29:30
SPY,USD,America/New_York,NYSE,ARCX,ETF,2024-02-01,484.63,489.23,483.8,489.2,91891600,2024-04-06 10:29:30
SPY,USD,America/New_York,NYSE,ARCX,ETF,2024-01-31,488.62,489.08,482.86,482.88,126011100,2024-04-06 10:29:30
SPY,USD,America/New_York,NYSE,ARCX,ETF,2024-01-30,490.56,491.62,490.11,490.89,58618400,2024-04-06 10:29:30
SPY,USD,America/New_York,NYSE,ARCX,ETF,2024-01-29,487.73,491.42,487.17,491.27,61322800,2024-04-06 10:29:30
SPY,USD,America/New_York,NYSE,ARCX,ETF,2024-01-26,487.59,489.12,486.54,487.41,76641600,2024-04-06 10:29:30
SPY,USD,America/New_York,NYSE,ARCX,ETF,2024-01-25,487.58,488.31,485.39,488.03,72525000,2024-04-06 10:29:30
SPY,USD,America/New_York,NYSE,ARCX,ETF,2024-01-24,487.81,488.77,484.88,485.39,81765000,2024-04-06 10:29:30
SPY,USD,America/New_York,NYSE,ARCX,ETF,2024-01-23,484.01,485.11,482.89,484.86,49945300,2024-04-06 10:29:30
SPY,USD,America/New_York,NYSE,ARCX,ETF,2024-01-22,484.01,485.22,482.78,483.45,75844900,2024-04-06 10:29:30
SPY,USD,America/New_York,NYSE,ARCX,ETF,2024-01-19,477.65,482.72,476.54,482.43,110733300,2024-04-06 10:29:30
SPY,USD,America/New_York,NYSE,ARCX,ETF,2024-01-18,474.01,477.06,472.42,476.49,91856200,2024-04-06 10:29:30
SPY,USD,America/New_York,NYSE,ARCX,ETF,2024-01-17,471.82,472.79,469.87,472.29,68843900,2024-04-06 10:29:30
SPY,USD,America/New_York,NYSE,ARCX,ETF,2024-01-16,475.26,476.61,473.06,474.93,85014900,2024-04-06 10:29:30
SPY,USD,America/New_York,NYSE,ARCX,ETF,2024-01-12,477.84,478.6,475.23,476.68,57944000,2024-04-06 10:29:30
SPY,USD,America/New_York,NYSE,ARCX,ETF,2024-01-11,477.59,478.12,472.26,476.35,77940700,2024-04-06 10:29:30
SPY,USD,America/New_York,NYSE,ARCX,ETF,2024-01-10,474.16,477.45,473.87,476.56,67310600,2024-04-06 10:29:30
SPY,USD,America/New_York,NYSE,ARCX,ETF,2024-01-09,471.87,474.93,471.35,473.88,65931400,2024-04-06 10:29:30
SPY,USD,America/New_York,NYSE,ARCX,ETF,2024-01-08,468.43,474.75,468.3,474.6,74879100,2024-04-06 10:29:30
SPY,USD,America/New_York,NYSE,ARCX,ETF,2024-01-05,467.49,470.44,466.43,467.92,86060800,2024-04-06 10:29:30
SPY,USD,America/New_York,NYSE,ARCX,ETF,2024-01-04,468.3,470.96,467.05,467.28,84232200,2024-04-06 10:29:30
SPY,USD,America/New_York,NYSE,ARCX,ETF,2024-01-03,470.43,471.19,468.17,468.79,103585900,2024-04-06 10:29:30
SPY,USD,America/New_York,NYSE,ARCX,ETF,2024-01-02,472.16,473.67,470.49,472.65,123623700,2024-04-06 10:29:30
QQQ,USD,America/New_York,NASDAQ,XNMS,ETF,2024-04-05,436.78,443.17,435.96,440.47,54723000,2024-04-06 10:29:30
QQQ,USD,America/New_York,NASDAQ,XNMS,ETF,2024-04-04,446.33,446.95,435.11,435.34,57267700,2024-04-06 10:29:30
QQQ,USD,America/New_York,NASDAQ,XNMS,ETF,2024-04-03,438.96,444.0,438.95,442.1,39800600,2024-04-06 10:29:30
QQQ,USD,America/New_York,NASDAQ,XNMS,ETF,2024-04-02,440.08,441.43,438.03,441.11,44259700,2024-04-06 10:29:30
QQQ,USD,America/New_York,NASDAQ,XNMS,ETF,2024-04-01,444.97,447.53,443.02,444.95,38729000,2024-04-06 10:29:30
QQQ,USD,America/New_York,NASDAQ,XNMS,ETF,2024-03-28,444.78,445.64,443.65,444.01,36839600,2024-04-06 10:29:30
QQQ,USD,America/New_York,NASDAQ,XNMS,ETF,2024-03-27,446.44,446.54,441.93,444.83,41359200,2024-04-06 10:29:30
QQQ,USD,America/New_York,NASDAQ,XNMS,ETF,2024-03-26,446.3,447.23,443.09,443.32,34142000,2024-04-06 10:29:30
QQQ,USD,America/New_York,NASDAQ,XNMS,ETF,2024-03-25,443.55,446.26,442.54,444.76,27789200,2024-04-06 10:29:30
QQQ,USD,America/New_York,NASDAQ,XNMS,ETF,2024-03-22,445.35,447.49,444.49,446.38,28229300,2024-04-06 10:29:30
QQQ,USD,America/New_York,NASDAQ,XNMS,ETF,2024-03-21,448.88,449.34,445.67,445.87,39345700,2024-04-06 10:29:30
QQQ,USD,America/New_York,NASDAQ,XNMS,ETF,2024-03-20,439.78,444.11,438.06,443.77,43653500,2024-04-06 10:29:30
QQQ,USD,America/New_York,NASDAQ,XNMS,ETF,2024-03-19,435.45,438.98,433.33,438.57,43004100,2024-04-06 10:29:30
QQQ,USD,America/New_York,NASDAQ,XNMS,ETF,2024-03-18,438.73,441.04,437.24,437.48,47323800,2024-04-06 10:29:30
QQQ,USD,America/New_York,NASDAQ,XNMS,ETF,2024-03-15,436.07,438.87,432.74,433.92,73038800,2024-04-06 10:29:30
QQQ,USD,America/New_York,NASDAQ,XNMS,ETF,2024-03-14,441.5,442.03,436.39,439.14,52195200,2024-04-06 10:29:30
QQQ,USD,America/New_York,NASDAQ,XNMS,ETF,2024-03-13,442.65,442.67,439.12,440.25,37928700,2024-04-06 10:29:30
QQQ,USD,America/New_York,NASDAQ,XNMS,ETF,2024-03-12,439.73,444.02,436.46,443.66,55300900,2024-04-06 10:29:30
QQQ,USD,America/New_York,NASDAQ,XNMS,ETF,2024-03-11,437.51,438.66,435.44,437.39,45860000,2024-04-06 10:29:30
QQQ,USD,America/New_York,NASDAQ,XNMS,ETF,2024-03-08,445.81,448.64,438.34,439.02,71954300,2024-04-06 10:29:30
QQQ,USD,America/New_York,NASDAQ,XNMS,ETF,2024-03-07,442.42,446.72,440.86,445.45,44526700,2024-04-06 10:29:30
QQQ,USD,America/New_York,NASDAQ,XNMS,ETF,2024-03-06,440.32,441.99,436.89,438.79,46234500,2024-04-06 10:29:30
QQQ,USD,America/New_York,NASDAQ,XNMS,ETF,2024-03-05,440.94,440.95,433.65,436.05,57917100,2024-04-06 10:29:30
QQQ,USD,America/New_York,NASDAQ,XNMS,ETF,2024-03-04,445.61,446.04,443.77,444.02,34325700,2024-04-06 10:29:30
QQQ,USD,America/New_York,NASDAQ,XNMS,ETF,2024-03-01,439.9,446.58,439.84,445.61,43809200,2024-04-06 10:29:30
QQQ,USD,America/New_York,NASDAQ,XNMS,ETF,2024-02-29,438.23,440.09,435.02,439.0,42495200,2024-04-06 10:29:30
QQQ,USD,America/New_York,NASDAQ,XNMS,ETF,2024-02-28,435.43,436.67,434.3,435.27,32938800,2024-04-06 10:29:30
QQQ,USD,America/New_York,NASDAQ,XNMS,ETF,2024-02-27,437.67,437.99,435.03,437.6,33713200,2024-04-06 10:29:30
QQQ,USD,America/New_York,NASDAQ,XNMS,ETF,2024-02-26,437.6,438.6,436.36,436.55,33043200,2024-04-06 10:29:30
QQQ,USD,America/New_York,NASDAQ,XNMS,ETF,2024-02-23,439.65,440.59,435.79,436.78,39853900,2024-04-06 10:29:30
QQQ,USD,America/New_York,NASDAQ,XNMS,ETF,2024-02-22,434.49,439.12,433.71,438.07,53887800,2024-04-06 10:29:30
QQQ,USD,America/New_York,NASDAQ,XNMS,ETF,2024-02-21,424.55,425.7,421.63,425.61,50179700,2024-04-06 10:29:30
QQQ,USD,America/New_York,NASDAQ,XNMS,ETF,2024-02-20,428.55,430.08,423.5,427.32,53999500,2024-04-06 10:29:30
QQQ,USD,America/New_York,NASDAQ,XNMS,ETF,2024-02-16,434.89,434.99,429.85,430.57,53661500,2024-04-06 10:29:30
QQQ,USD,America/New_York,NASDAQ,XNMS,ETF,2024-02-15,433.92,434.98,431.33,434.51,38796100,2024-04-06 10:29:30
QQQ,USD,America/New_York,NASDAQ,XNMS,ETF,2024-02-14,431.26,433.65,428.88,433.22,45092700,2024-04-06 10:29:30
QQQ,USD,America/New_York,NASDAQ,XNMS,ETF,2024-02-13,427.28,431.27,425.33,428.55,64491700,2024-04-06 10:29:30
QQQ,USD,America/New_York,NASDAQ,XNMS,ETF,2024-02-12,436.94,439.14,434.65,435.34,33203300,2024-04-06 10:29:30
QQQ,USD,America/New_York,NASDAQ,XNMS,ETF,2024-02-09,433.94,437.85,433.14,437.05,36943900,2024-04-06 10:29:30
QQQ,USD,America/New_York,NASDAQ,XNMS,ETF,2024-02-08,432.11,433.56,431.42,432.79,29889900,2024-04-06 10:29:30
QQQ,USD,America/New_York,NASDAQ,XNMS,ETF,2024-02-07,430.41,432.83,429.09,431.99,37712700,2024-04-06 10:29:30
QQQ,USD,America/New_York,NASDAQ,XNMS,ETF,2024-02-06,429.61,430.22,425.22,427.59,35846100,2024-04-06 10:29:30
QQQ,USD,America/New_York,NASDAQ,XNMS,ETF,2024-02-05,429.07,429.61,425.0,428.45,39889200,2024-04-06 10:29:30
QQQ,USD,America/New_York,NASDAQ,XNMS,ETF,2024-02-02,423.8,430.24,422.79,429.01,59582300,2024-04-06 10:29:30
QQQ,USD,America/New_York,NASDAQ,XNMS,ETF,2024-02-01,418.79,422.38,417.81,421.88,51008600,2024-04-06 10:29:30
QQQ,USD,America/New_York,NASDAQ,XNMS,ETF,2024-01-31,420.85,422.87,416.79,416.97,64010600,2024-04-06 10:29:30
QQQ,USD,America/New_York,NASDAQ,XNMS,ETF,2024-01-30,427.1,427.68,424.38,425.3,36739000,2024-04-06 10:29:30
QQQ,USD,America/New_York,NASDAQ,XNMS,ETF,2024-01-29,424.27,428.35,423.61,428.15,38694700,2024-04-06 10:29:30
QQQ,USD,America/New_York,NASDAQ,XNMS,ETF,2024-01-26,424.44,426.21,423.15,423.81,37137000,2024-04-06 10:29:30
QQQ,USD,America/New_York,NASDAQ,XNMS,ETF,2024-01-25,428.36,429.04,423.98,426.35,44367200,2024-04-06 10:29:30
QQQ,USD,America/New_York,NASDAQ,XNMS,ETF,2024-01-24,427.44,429.85,425.33,425.83,46948000,2024-04-06 10:29:30
QQQ,USD,America/New_York,NASDAQ,XNMS,ETF,2024-01-23,422.43,423.7,420.57,423.48,33003800,2024-04-06 10:29:30
QQQ,USD,America/New_York,NASDAQ,XNMS,ETF,2024-01-22,423.41,424.73,421.12,421.73,44880600,2024-04-06 10:29:30
QQQ,USD,America/New_York,NASDAQ,XNMS,ETF,2024-01-19,415.22,421.34,414.63,421.18,70268500,2024-04-06 10:29:30
QQQ,USD,America/New_York,NASDAQ,XNMS,ETF,2024-01-18,410.52,413.58,409.16,412.99,59562500,2024-04-06 10:29:30
QQQ,USD,America/New_York,NASDAQ,XNMS,ETF,2024-01-17,406.17,407.59,402.92,407.21,54386000,2024-04-06 10:29:30
QQQ,USD,America/New_York,NASDAQ,XNMS,ETF,2024-01-16,408.31,411.12,406.83,409.52,43903000,2024-04-06 10:29:30
QQQ,USD,America/New_York,NASDAQ,XNMS,ETF,2024-01-12,410.4,411.25,408.15,409.56,39581400,2024-04-06 10:29:30
QQQ,USD,America/New_York,NASDAQ,XNMS,ETF,2024-01-11,409.79,411.2,404.24,409.35,54536200,2024-04-06 10:29:30
QQQ,USD,America/New_York,NASDAQ,XNMS,ETF,2024-01-10,406.07,409.52,405.17,408.5,33962800,2024-04-06 10:29:30
QQQ,USD,America/New_York,NASDAQ,XNMS,ETF,2024-01-09,401.91,406.69,401.71,405.75,39132900,2024-04-06 10:29:30
QQQ,USD,America/New_York,NASDAQ,XNMS,ETF,2024-01-08,397.99,405.24,397.84,404.95,42473800,2024-04-06 10:29:30
QQQ,USD,America/New_York,NASDAQ,XNMS,ETF,2024-01-05,396.45,399.56,395.34,396.75,44867900,2024-04-06 10:29:30
QQQ,USD,America/New_York,NASDAQ,XNMS,ETF,2024-01-04,396.44,399.59,396.06,396.28,39432800,2024-04-06 10:29:30
QQQ,USD,America/New_York,NASDAQ,XNMS,ETF,2024-01-03,399.93,401.0,397.89,398.33,47002800,2024-04-06 10:29:30
QQQ,USD,America/New_York,NASDAQ,XNMS,ETF,2024-01-02,405.84,406.09,400.24,402.59,58026900,2024-04-06 10:29:30
